iban,owner_id,date,description,amount
IT0000000000000000000000001,cliente_1,2026-07-01,Stipendio luglio,1180.55
IT0000000000000000000000001,cliente_1,2026-07-03,Bolletta luce Enel,87.43
IT0000000000000000000000001,cliente_1,2026-07-05,Supermercato COOP,64.19
IT0000000000000000000000001,cliente_1,2026-07-08,Rifornimento benzina Q8,72.97
IT0000000000000000000000001,cliente_1,2026-07-12,Cena ristorante Trattoria Da Mario,58.35
IT0000000000000000000000001,cliente_1,2026-07-15,Bolletta gas Italgas,43.27
IT0000000000000000000000001,cliente_1,2026-07-19,Abbonamento mensile ATM,35.00
IT0000000000000000000000001,cliente_1,2026-07-23,Farmacia Comunale,17.89
IT0000000000000000000000001,cliente_1,2026-08-01,Stipendio agosto,1180.55
IT0000000000000000000000001,cliente_1,2026-08-04,Supermercato Esselunga,91.76
IT0000000000000000000000001,cliente_1,2026-08-10,Trenitalia Milano-Roma,89.90
IT0000000000000000000000001,cliente_1,2026-08-16,Pizzeria Da Gigi,24.51
IT0000000000000000000000001,cliente_1,2026-09-01,Stipendio settembre,1180.55
IT0000000000000000000000001,cliente_1,2026-09-10,Bolletta internet Fastweb,29.99
IT0000000000000000000000002,cliente_2,2026-07-02,Affitto appartamento,750.00
IT0000000000000000000000002,cliente_2,2026-07-06,Bolletta luce Eni Energia,63.41
IT0000000000000000000000002,cliente_2,2026-07-11,Supermercato Conad,48.62
IT0000000000000000000000002,cliente_2,2026-07-14,Cena sushi Tokyo,76.37
IT0000000000000000000000002,cliente_2,2026-07-21,Ricarica telefono TIM,10.00
IT0000000000000000000000002,cliente_2,2026-07-28,Pedaggio autostrada A1,12.40
IT0000000000000000000000002,cliente_2,2026-08-02,Affitto appartamento,750.00
IT0000000000000000000000002,cliente_2,2026-08-07,Supermercato Lidl,55.93
IT0000000000000000000000002,cliente_2,2026-08-13,Bolletta gas Italgas,51.08
IT0000000000000000000000002,cliente_2,2026-08-19,Taxi centro città,18.75
IT0000000000000000000000002,cliente_2,2026-08-25,Abbonamento Netflix,13.99
IT0000000000000000000000002,cliente_2,2026-09-02,Affitto appartamento,750.00
IT0000000000000000000000002,cliente_2,2026-09-12,Bar caffè e brioche,5.40
IT0000000000000000000000003,cliente_3,2026-07-01,Stipendio dipendente,1050.00
IT0000000000000000000000003,cliente_3,2026-07-04,Bolletta luce Acea,71.58
IT0000000000000000000000003,cliente_3,2026-07-09,Spesa supermercato Coop,42.13
IT0000000000000000000000003,cliente_3,2026-07-17,Trattoria La Dolce Vita,65.94
IT0000000000000000000000003,cliente_3,2026-07-24,Abbonamento mensile ATM,35.00
IT0000000000000000000000003,cliente_3,2026-07-30,Rifornimento gasolio,88.67
IT0000000000000000000000003,cliente_3,2026-08-01,Stipendio dipendente,1050.00
IT0000000000000000000000003,cliente_3,2026-08-08,Bolletta acqua Acea,29.36
IT0000000000000000000000003,cliente_3,2026-08-14,Biglietto concerto TicketOne,95.00
IT0000000000000000000000003,cliente_3,2026-08-21,Supermercato Aldi,67.45
IT0000000000000000000000003,cliente_3,2026-09-01,Stipendio dipendente,1050.00
IT0000000000000000000000003,cliente_3,2026-09-08,Bolletta telefono Vodafone,19.99
IT0000000000000000000000003,cliente_3,2026-09-18,Cena pizzeria Il Forno,41.27
